9;United States
11;United States
25;United States
28;United States
32;Canada
185;United States
297;United States
445;Canada
446;Canada
447;Canada
448;Canada
449;Canada
450;Canada
451;Canada
452;Canada
453;Canada
454;Canada
455;Canada
456;Canada
457;Canada
458;Canada
459;Canada
460;Canada
461;Canada
462;Canada
463;Canada
464;Canada
465;Canada
466;Canada
467;Canada
468;Canada
469;Canada
470;Canada
471;Canada
472;Canada
473;Canada
474;Canada
475;Canada
476;Canada
477;Canada
478;Canada
479;Canada
480;Canada
481;Canada
482;Canada
483;Canada
484;Canada
485;Canada
486;Canada
487;Canada
488;Canada
489;Canada
490;Canada
491;Canada
492;Canada
493;Canada
494;Canada
495;Canada
496;Canada
497;Canada
498;Canada
499;Canada
500;Canada
501;Canada
502;Canada
503;Canada
504;Canada
505;Canada
506;Canada
507;Canada
508;Canada
509;Canada
510;Canada
511;Canada
512;Canada
513;Canada
514;Canada
515;Canada
516;Canada
517;Canada
518;Canada
519;Canada
520;Canada
521;Canada
522;Canada
523;Canada
524;Canada
525;Canada
526;Canada
527;Canada
528;Canada
529;Canada
530;Canada
531;Canada
532;Canada
533;Canada
534;Canada
535;Canada
536;Canada
537;Canada
538;Canada
539;Canada
540;Canada
541;Canada
542;Canada
543;Canada
544;Canada
545;Canada
546;Canada
547;Canada
548;Canada
549;Canada
550;Canada
551;Canada
552;Canada
553;Canada
554;Canada
555;Canada
556;Canada
557;Canada
558;Canada
559;United States
560;United States
561;United States
562;United States
563;United States
564;United States
565;United States
566;United States
567;United States
568;United States
569;United States
570;United States
571;United States
572;United States
573;United States
574;United States
575;United States
576;United States
577;United States
578;United States
579;United States
580;United States
581;United States
582;United States
583;United States
584;United States
585;United States
586;United States
587;United States
588;United States
589;United States
590;United States
591;United States
592;United States
593;United States
594;United States
595;United States
596;United States
597;United States
598;United States
599;United States
600;United States
601;United States
602;United States
603;United States
604;United States
605;United States
606;United States
607;United States
608;United States
609;United States
610;United States
611;United States
612;United States
613;United States
614;United States
615;United States
616;United States
617;United States
618;United States
619;United States
620;United States
621;United States
622;United States
623;United States
624;United States
625;United States
626;United States
627;United States
628;United States
629;United States
630;United States
631;United States
632;United States
633;United States
634;United States
635;United Kingdom
636;United Kingdom
637;United Kingdom
638;United Kingdom
639;United Kingdom
640;United Kingdom
641;United Kingdom
642;United Kingdom
643;United Kingdom
644;United Kingdom
645;United Kingdom
646;United Kingdom
647;United Kingdom
648;United Kingdom
649;United Kingdom
650;United Kingdom
651;United Kingdom
652;United Kingdom
653;United Kingdom
654;United Kingdom
655;United Kingdom
656;United Kingdom
657;United Kingdom
658;United Kingdom
659;United Kingdom
660;United Kingdom
661;United Kingdom
662;United Kingdom
663;United Kingdom
664;United Kingdom
665;United Kingdom
666;United Kingdom
667;United Kingdom
668;United Kingdom
669;United Kingdom
670;United Kingdom
671;United Kingdom
672;United Kingdom
673;United Kingdom
674;United Kingdom
756;United States
774;United States
775;United States
776;United States
785;United States
786;United States
788;United States
789;United States
794;United States
795;United States
797;United States
801;United States
806;United States
810;United States
825;United States
826;United States
832;United States
833;United States
834;United States
835;United States
836;United States
837;United States
838;United States
839;United States
840;United States
841;United States
842;United States
843;United States
844;United States
845;United States
846;United States
847;United States
848;United States
849;United States
850;United States
851;United States
852;United States
853;United States
854;United States
855;United States
856;United States
857;United States
858;United States
859;United States
860;United States
861;United States
862;United States
863;United States
864;United States
865;United States
866;United States
867;United States
868;United States
869;United States
870;United States
871;United States
872;United States
873;United States
874;United States
875;United States
876;United States
877;United States
878;United States
879;United States
880;United States
881;United States
882;United States
883;United States
884;United States
885;United States
886;United States
887;United States
888;United States
889;United States
890;United States
891;United States
892;United States
893;United States
894;United States
895;United States
896;United States
897;United States
898;United States
899;United States
900;United States
901;United States
902;United States
903;United States
904;United States
905;United States
906;United States
907;United States
988;United States
989;United States
990;United States
991;United States
992;United States
993;United States
994;United States
995;United States
996;United States
997;United States
998;United States
999;United States
1000;United States
1001;United States
1002;United States
1003;United States
1004;United States
1005;United States
1006;United States
1007;United States
1008;United States
1009;United States
1010;United States
1011;United States
1012;United States
1013;United States
1014;United States
1015;United States
1016;United States
1017;United States
1018;United States
1019;United States
1020;United States
1021;United States
1022;United States
1023;United States
1024;United States
1025;United States
1026;United States
1027;United States
1028;United States
1029;United States
1030;United States
1031;United States
1032;United States
1033;United States
1034;United States
1035;United States
1036;United States
1037;United States
1038;United States
1039;United States
1040;United States
1041;United States
1042;United States
1043;United States
1044;United States
1045;United States
1046;United States
1047;United States
1048;United States
1049;United States
1050;United States
1051;United States
1052;United States
1053;United States
1054;United States
1055;United States
1056;United States
1057;United States
1058;United States
1059;United States
1060;United States
1061;United States
1062;United States
1063;United States
1064;United States
1065;United States
1066;United States
1067;United States
1068;United States
1069;United States
1070;United States
1071;United States
1072;United States
1073;United States
1074;United States
1075;United States
1076;United States
1077;United States
1078;United States
1079;United States
1080;United States
1081;United States
1082;United States
1083;United States
1084;United States
1085;United States
1086;United States
1087;United States
1088;United States
1089;United States
1090;United States
1091;United States
1092;United States
1093;United States
1094;United States
1095;United States
1096;United States
1097;United States
1098;United States
1099;United States
1100;United States
1101;United States
1102;United States
1103;United States
1104;United States
1105;United States
11380;United States
11381;United States
11382;United States
