CustomerID;CustomerName;CompanyName
1;Orlando N. Gee;A Bike Store
2;Keith  Harris;Progressive Sports
3;Donna F. Carreras;Advanced Bike Components
4;Janet M. Gates;Modular Cycle Systems
5;Lucy  Harrington;Metropolitan Sports Supply
6;Rosmarie J. Carroll;Aerobic Exercise Company
7;Dominic P. Gash;Associated Bikes
10;Kathleen M. Garza;Rural Cycle Emporium
11;Katherine  Harding;Sharp Bikes
12;Johnny A. Caprio;Bikes and Motorbikes
16;Christopher R. Beck;Bulk Discount Store
18;David J. Liu;Catalog Store
19;John A. Beaver;Center Cycle Shop
20;Jean P. Handley;Central Discount Store
21;Jinghao  Liu;Chic Department Stores
22;Linda E. Burnett;Travel Systems
23;Kerim  Hanif;Bike World
24;Kevin  Liu;Eastside Department Store
25;Donald L. Blanton;Coalition Bike Company
28;Jackie E. Blackwell;Commuter Bicycle Store
29;Bryan  Hamilton;Cross-Country Riding Supplies
30;Todd R. Logan;Cycle Merchants
34;Barbara J. German;Cycles Wholesaler & Mfg.
37;Jim  Geist;Two Bike Shops
38;Betty M. Haines;Finer Mart
39;Sharon J. Looney;Fitness Hotel
40;Darren  Gehring;Journey Sporting Goods
41;Erin M. Hagens;Distant Inn
42;Jeremy  Los;Healthy Activity Store
43;Elsa  Leavitt;Frugal Bike Shop
46;David O Lawrence;Gear-Shift Bikes Limited
47;Hattie J. Haemon;Greater Bike Store
48;Anita R. Lucerne;Grand Industries
52;Rebecca  Laszlo;Instruments and Parts Company
55;Eric  Lang;Kickstands and Accessories Company
56;Brian  Groth;Latest Accessories Sales
57;Judy R. Lundahl;Leading Sales & Repair
58;Peter  Kurniawan;Largest Bike Store
59;Douglas  Groncki;Locks Company
60;Sean J. Lunt;Main Bicycle Services
61;Jeffrey  Kurtz;Many Bikes Store
64;Vamsi  Kuppa;Metal Clearing House
65;Jane P. Greer;Metro Manufacturing
66;Alexander J. Deborde;Neighborhood Store
70;Deepak  Kumar;Outdoor Aerobic Systems Company
73;Margaret T. Krupka;Outdoor Sports Supply
74;Christopher M. Bright;Parcel Express Delivery Service
75;Aidan  Delaney;Paint Supply
76;James J. Krow;Out-of-the-Way Hotels
77;Michael  Brundage;Mechanical Products Ltd.
78;Stefan  Delmarco;Preferred Bikes
79;Mitch  Kennedy;Reasonable Bicycle Sales
82;James D. Kramer;Refined Department Stores
83;Eric J. Brumfield;Requisite Part Supply
84;Della F. Demott Jr;Rewarding Activities Company
88;Pamala M. Kotc;Closest Bicycle Store
91;Joy R. Koski;Scooters and Bikes Store
92;Jovita A. Carmody;Sports Commodities
93;Prashanth  Desai;Stationary Bikes and Stands
94;Scott  Konersmann;Specialty Sports Store
95;Jane N. Carmichael;Rural Department Store
96;Bonnie B. Lepro;More Bikes!
97;Eugene  Kogan;Mountain Bike Center
100;Kirk T King;Up-To-Date Sports
101;William J. Conner;Urban Sports Emporium
102;Linda  Leste;National Manufacturing
106;Andrea A. Thomsen;West Side Mart
109;Daniel P. Thompson;Travel Sports
110;Kendra N. Thompson;Vintage Sport Boutique
111;Scott A. Colvin;Westside Cycle Store
112;Elsie L. Lewin;Town Industries
113;Donald M. Thompson;Trendy Department Stores
114;John L. Colon;Two Wheels Cycle Store
115;George Z. Li;Security Racks and Locks Wholesalers
118;Yale  Li;Rapid Bikes
119;Phyllis A. Thomas;Red Bicycle Company
120;Pat  Coleman;Machines & Cycles Store
124;Yuhong  Li;Nearby Sporting Goods
127;Joseph M. Lique;Front Sporting Goods
128;Judy J. Thames;Demand Distributors
129;Connie L. Coffman;Discount Bicycle Specialists
130;Paulo H. Lisboa;Elite Bikes
131;Vanessa J. Tench;Eighth Bike Store
132;Teanna M. Cobb;Another Sporting Goods Company
133;Michael  Graff;Commercial Sporting Goods
136;Derek  Graham;Wholesale Parts
137;Gytis M Barzdukas;Transportation Options
138;Jane  Clayton;South Bike Company
142;Jon  Grande;Riding Cycles
145;Ted  Bremer;Raw Materials Inc
146;Richard  Bready;Latest Sports Equipment
147;Alice  Clark;Local Hardware Factory
148;Alan  Brewer;Lots of Bikes Storehouse
149;Cornelius L. Brandon;Initial Bike Company
150;Jill J. Christie;Fleet Bikes
151;Walter J. Brian;Futuristic Bikes
154;Carlton M. Carlisle;Camping and Sports Store
155;Joseph N. Castellucio;Corner Bicycle Supply
156;Lester J. Bowman;Metal Processing Company
160;Brigid F. Cavendish;Vigorous Sports Store
163;Andrew  Cencini;Sports Merchandise
164;Cindy M. Dodd;Suburban Cycle Shop
165;Randall  Boseman;Third Bike Store
166;Stacey M. Cereghino;Fitness Toy Store
167;Blaine  Dockter;Farthermost Bike Shop
168;Luis  Bonifaz;Economy Bikes Company
169;Brenda  Diaz;Downtown Hotel
172;Gabriele  Dickmann;Certified Sports Supply
173;Rudolph J. Dillon;Sundry Sporting Goods
174;Michael L. Bohling;Toy Manufacturing Inc
178;Dick  Dievendorff;Rampart Amusement Company
180;Nicky E. Chesnut;Full-Service Bike Store
181;Michael J. Lee;Family Entertainment Center
182;Stanley A. Alan;Another Bicycle Company
183;Yao-Qiang  Cheng;This Area Sporting Goods
184;Marjorie M. Lee;Go-cart and Bike Specialists
185;Sandeep  Kaliyath;Weekend Bike Tours
186;Pei  Chow;Thrilling Bike Tours
187;Frank  Campbell;Trailblazing Sports
190;Mark  Lee;Racing Partners
191;Sandra T. Kitt;Non-Slip Pedal Company
192;Hao  Chen;Nuts and Bolts Mfg.
196;Jolie  Lenehan;Exhibition Showroom
197;Diane F. Krane;Fabrikam Inc., West
198;Payton P. Benson;Field Trip Inc
199;Roger  Lengel;Authorized Bike Sales and Rental
200;Peggy J. Justice;Basic Bike Company
201;Edna J. Benson;Unsurpassed Bikes
202;A. Francesca Leonetti;Two-Seater Bikes
203;Jean  Jordan;Separate Parts Corporation
204;Ido  Ben-Sachar;Traction Tire Company
205;Frank  Mart¡nez;Rally Master Company Inc
208;Steve  Masters;Professional Cyclists
209;Robert E. Jones;Purple Bicycle Company
210;Josh  Barnhill;Gasless Cycle Shop
214;Jennifer J. Maxham;Exclusive Bicycle Mart
217;Chris  Maxwell;City Manufacturing
218;David  Johnson;Sure & Reliable Sporting Goods
219;Brian  Johnson;Extras Sporting Goods
220;Robert  Brown;Best o' Bikes
221;Sandra B. Maynard;Bike Dealers Association
222;Barry  Johnson;Sample Bike Store
223;Joyce  Jarvis;Paints and Solvents Company
226;Vance P. Johns;Leisure Activities
227;Robin M. McGuigan;Health Spa, Limited
228;Danielle B. Johnson;Home Town Bike Store
232;David  Jaffe;Exceptional Cycle Services
235;Mary  Alexander;Certified Bicycle Supply
236;Lola M. McCarthy;Closeout Boutique
237;Mary K. Browning;Client Discount Store
238;Jodan M. Jacobson;A Great Bicycle Company
239;Jane A. McCarty;Bicycle Merchandise Warehouse
240;Jessie E. Valerio;Wire Baskets and Parts
241;Eric A. Jacobsen;Vale Riding Supplies
244;Bronson R. Jacobs;Retail Discount Store
245;James L. McCoy;Leather Seat Factory
246;Esther K. Valle;Large Bike Shop
250;Denean J. Ison;Express Bike Services
253;Erik  Ismert;Roving Sports
254;Robert M. Bernacchi;Safe Cycles Shop
255;Sunil  Uppal;Swift Cycles
256;Richard L. Irwin;Rental Bikes
257;Matthias  Berndt;Number 1 Supply
258;Sairaj  Uddin;Quantity Discounts
259;Lucio  Iallo;Highway Bike Shop
262;Beth  Inghram;General Industries
263;Timothy B. Burnett;Farthest Bike Store
264;Phyllis B. Tuffield;Fasteners & Bolts Outlet
268;Richard A. Byham;Channel Outlet
271;Jared L. Bustamante;Alternative Vehicles
272;Henry L. Campen;Metro Cycle Shop
273;Christie J. Trujillo;A Typical Bike Shop
274;Janet J. Gilliat;Active Systems
275;Chris  Cannon;Outdoor Sporting Goods
276;Michael John R. Troyer;Thrifty Parts and Sales
277;Guy  Gilbert;The Bicycle Accessories Company
280;Frances J. Giglio;Standard Bikes
281;Suzana De Abreu A. Canuto;Petroleum Products Distributors
282;Billy J. Trent;Quick Parts and Service
286;Leo  Giakoumakis;Number One Bike Co.
287;Grant  Culbertson;Handy Bike Services
288;Robert L. Barker;Kickstand Sellers
289;Gabriel L. Bockenkamp;Moderately-Priced Bikes Store
290;Scott  Culp;Friendly Bike Shop
291;Wayne N. Banack;Grand Bicycle Stores
292;Michael Greg Blythe;Grease and Oil Products Company
293;Conor  Cunningham;Fashionable Bikes and Accessories
294;Alberto F. Baltazar;Flawless Bike Shop
295;Joseph P. Mitzner;Engineered Bike Systems
298;Robert  Mitosinka;City Cycling
299;Thierry  D'Hers;Citywide Service and Repair
300;Daniel  Blanco;Nice Bikes
304;Linda  Mitchell;Essential Bike Works
306;Stephen M. Ayers;Work and Play Association
307;Neva M. Mitchell;Riding Associates
308;Megan N. Davis;Rugged Bikes
309;John  Arthur;The Gear Store
310;Frank  Miller;Orange Bicycle Company
311;Alvaro  De Matos Miranda Filho;Principal Bike Company
312;Thomas B. Armstrong;Resale Services
313;Dylan  Miller;Metropolitan Manufacturing
316;Ben  Miller;Low Price Cycles
317;Jacob N. Dean;Finer Riding Supplies
318;Ann  Beebe;First-Rate Outlet
322;Matthew J. Miller;Tachometers and Accessories
323;Jo  Brown;Metro Bike Works
325;Virginia L. Miller;All Cycle Shop
326;Scott  Gode;Year-Round Sports
327;Caroline A. Vicknair;World of Bikes
328;Robert R. Vessa;Totes & Baskets Company
329;Andreas  Berglund;Unicycles, Bicycles, and Tricycles
330;Mete  Goktepe;The New Bike Store
331;Wanda F. Vernon;Technical Parts Manufacturing
334;Dora P. Verdad;Retreat Inn
335;John M. Berger;Scratch-Resistant Finishes Company
336;Brian R Goldstein;Primary Bike Distributors
340;Raja D. Venugopal;Nearby Cycle Shop
343;Patricia M. Vasquez;Mail-Order Outlet
344;Karren K. Burkhardt;Fifth Bike Store
345;Abigail J. Gonzalez;Genial Bike Associates
346;Ranjit Rudra Varkey Chudukatil;Great Bicycle Supply
347;Ingrid K. Burkhardt;Bike Universe
348;Oscar L. Alpuerto;Bold Bike Accessories
349;Gary T Vargas;Exercise Center
352;Shane S. Kim;Twelfth Bike Store
353;Joan M. Campbell;Two-Wheeled Transit Company
354;Maxwell J. Amland;Serious Cycles
358;Joe  Kim;Mail Market
360;Ramona J. Antrim;Novelty Bikes
361;Karan  Khanna;Fitness Supplies
362;Sharon A. Crow;Grand Cycle Store
363;Chris  Ashton;Immense Manufacturing Company
364;Imtiaz  Khan;District Mall
365;Jack  Creasey;Distinctive Store
366;Teresa  Atkinson;Extended Bike Sales
367;Tammy J. Khan;Brown Bicycle Company
370;Elizabeth  Keyser;Acceptable Sales & Service
371;Bruno  Costa Da Silva;Custom Sales and Service
372;Katherine K. Swan;Top Bike Market
376;Mary R. Kesslep;Commerce Bicycle Specialists
377;Marlin M. Coriell;Grand Sport Boutique
379;Kevin  Kennedy;Fad Outlet
380;Eva  Corets;First Department Stores
381;Julie  Taft-Rider;Bicycle Lines Distributors
382;Robert  Kelly;Beneficial Exercises and Activities
383;Scott  Cooper;Vehicle Shop
384;Clarence R. Tatman;Sparkling Paint and Finishes
385;John  Kelly;Sturdy Toys
388;Victor A. Kelley;Road Way Sales and Rental
389;Dorothy J. Contreras;Sixth Bike Store
390;Mike M. Taylor;Plastic Parts Company
394;Bonnie  Kearney;Little Sports Center
395;June B. Brunner;Online Bike Sellers
397;Sandeep  Katyal;Capable Sales and Service
398;Shirley R. Bruner;Commendable Bikes
399;Chad J. Tedford;Big Cycle Mall
400;Peter  Houston;Local Sales and Rental
401;Tom H Johnston;Brightwork Company
402;Marian M. Berch;Pro Sporting Goods
403;Juanita J. Holman;Affordable Sports Equipment
406;Eddie M. Holmes;The Commissary
407;Robert A. Avalos;Workout Emporium
408;Alexander J. Berger;Odometers and Accessories Company
412;Jean J. Holloway;Leisure Clearing House
415;Greg  Chapman;Imaginary Toys
416;Angela  Barbariol;Impromptu Trips
417;Ruth A. Choin;Genuine Bike Shop
418;Lee J. Chapla;Good Bike Shop
419;Darrell M. Banks;Exertion Activities Club
420;Anthony  Chor;Extreme Riding Supplies
421;Forrest J. Chandler;Fitness Cycling
424;Eli  Bowen;Bikes for Two
425;Stephen Yuan Jiang;Bikes for Kids and Adults
426;Dirk J. Bruno;Custom Accessories Company
430;Gustavo  Camargo;Uttermost Bike Shop
431;Douglas A. Baldwin;Small Cycle Store
433;Lindsey R. Camacho;Thorough Parts and Repair Services
434;James B. Bailey;Road-Way Mart
435;Carol B. Elliott;Satin Finish Company
436;Barbara J. Calone;Sheet Metal Manufacturing
437;Megan E. Burke;Professional Cycle Store
438;Cory K. Booth;Remarkable Bike Store
439;Shannon P. Elliott;Regional Manufacturing
442;Jauna E. Elson;Original Bicycle Supply Company
443;Janaina Barreiro Gambaro  Bueno;Courteous Bicycle Specialists
444;Shaun  Beasley;Finer Cycle Shop
448;Terry  Eminhizer;Action Bicycle Specialists
451;John  Emory;Roadway Bike Emporium
452;Olga J. Trau;A Cycle Shop
453;Jon  Ganio;Unique Bikes
454;Gail  Erickson;Sleek Bikes 
455;James R. Tran;Timely Shipping Service
456;Michael  Galos;Riding Excursions
457;Mark B Erickson;Retail Sporting Equipment
460;Martha R. Espinoza;Price-Cutter Discount Bikes
461;Glenn J. Track;Active Life Toys
462;Bob  Gage;General Riding Supplies
466;Janeth  Esteves;Central Bicycle Specialists
468;Paul J. Fulton;Blue Bicycle Company
469;Twanna R. Evans;Vast Bike Sales and Rental
470;Delia B. Toone;Wingtip Toys
471;John  Ford;Social Activities Club
472;Ann R. Evans;Summer Sports Place
473;Kay E. Krane;Racing Toys
474;Mihail  Frintu;Retail Cycle Shop
475;John  Evans;Real Sporting Goods
478;Ruby Sue R. Styles;Major Cycling
479;Lori  Kane;General Supplies
480;Susan E. French;General Bike Corporation
484;Gary J. Suess;Downhill Bicycle Specialists
487;Ruth J. Suffin;Bike Experts
488;Margaret J. Smith;Bicycle Accessories and Kits
489;Dorothy J. Fox;Cash & Carry Bikes
490;Elizabeth J. Sullivan;Extraordinary Bike Works
491;Frances B. Adams;Area Bike Accessories
492;Garth  Fort;Basic Sports Equipment
493;Michael  Sullivan;Valley Bicycle Distributors
496;Marcia J. Sultan;Top Sports Supply
497;Amy E. Alberts;Valley Toy Store
498;Kelly  Focht;Quick Delivery Service
502;Krishna  Sunkammurali;Metropolitan Bicycle Supply
504;Mae M. Black;Historic Bicycle Sales
505;Brad  Sutton;Honest Repair Service
506;François  Ferrier;Great Bikes 
507;Mary  Bishop;Global Sporting Goods
508;Martin J. Svoboda;Designer Department Stores
509;Robert E. Ahlering;Fun Toys and Bikes
510;Jimmy  Bischoff;World Bike Discount Store
511;Abraham L. Swearengin;Wheel Gallery
514;Ryan  Calafato;Retail Mall
515;Dragan  Tomic;Rural Bicycle Supply
516;Thomas R. Michaels;Seats and Saddles Company
520;Mari B. Caldwell;Metro Metals Co.
523;Mary M. Gimmi;Futuristic Sport Distributors
526;David L. Givens;Finer Sales and Service
527;Diane  Tibbott;Fun Times Club
528;Helen M. Meyer;Alpine Ski House
529;Jeanie R. Glenn;Big-Time Bike Store
532;Diane R. Glimp;The Showroom
533;Yuping  Tian;Tenth Bike Store
534;Stephen A. Mew;Recommended Bicycles
538;John R. Brooks;Prosperous Tours
541;Willie P. Brooks;Nonskid Tire Company
542;Andrew P. Kobylinski;Finer Parts Shop
543;R. Morgan L. Mendoza;Friendly Neighborhood Bikes
544;Jay  Adams;Valley Bicycle Specialists
545;Christian  Kleinerman;Finish and Sealant Products
546;Anton  Kirilov;Field Trip Store
547;Gladys F. Mendiola;Curbside Sporting Goods
550;Raquel  Mello;Remote Bicycle Specialists
551;Samuel N. Agcaoili;Vinyl and Plastic Goods Corporation
552;Tim  Kim;Consolidated Messenger
556;Nancy A. McPhearson;Variety Cycling
559;Nkenge  McLin;Some Discount Store
560;Paul L. Alcorn;Major Sport Suppliers
561;Marvin N. Allen;Mountain Toy Store
562;Yvonne  McKay;Practical Bike Supply Company
563;Sean P. Jacobson;Systematic Sales
564;Michelle  Alexander;Imported and Domestic Cycles
565;Richard M. Bentley;Metallic Paint and Overcoat Co
568;Curtis P. Howard;Economy Center
569;Cecil J. Allison;Designated Distributors
570;Gregory F. Alderson;Family's Favorite Bike Shop
574;Janice K. Hows;Area Sheet Metal Supply
577;George M. Huckaby;Synthetic Materials Manufacturing
578;Carolyn  Farino;The Bike Shop
579;Kim  Abercrombie;Riders Company
580;Joshua J. Huff;Rural Sales and Service
581;Geri P. Farrell;Safe Toys
582;Catherine R. Abel;Professional Sales and Service
583;Laura C. Steele;Professional Containers and Packaging Co.
586;Shanay B. Steelman;One Bike Company
587;Rhoda J. Finley;Our Sporting Goods Store
588;Pat A. Chambers;General Cycle Storehouse
592;Stefano  Stefani;Cycling Goods
595;Alan  Steiner;Cycle Clearance
596;Kathie  Flood;Coho Sports
597;Bob  Hodges;All Seasons Sports Supply
598;Derik  Stenerson;Black Bicycle Company
599;Raul E. Casts;Westside Plaza
600;Holly J. Holt;Strenuous Exercise Shop
601;Vassar J. Stern;Transport Bikes
604;Wathalee R. Steuber;Sellers of Cycles
605;Matthew J. Cavallari;Outstanding Cycles
606;Helge  Hoeing;Little Bicycle Supply Shop
607;Alice M. Steiner;Maintenance and Repair for Bicycles
608;Steven B. Brown;Golf and Cycle Store
609;David  Hodgson;Good Toys
610;Liza Marie N. Stevens;Fitness Department Stores
613;Jim  Stewart;Famous Bike Shop
617;Arlene  Huff;Tubeless Tire Company
620;Matthew M. Hunter;Tires and Tubes
621;Matthew  Hink;Running and Cycling Gear
622;Robert B. Stotka;Gift and Toy Store
623;Phyllis R. Huntsman;Hardware Components
624;Mike  Hines;First Cycle Store
625;Kayla M. Stotler;Major Sporting Goods
626;Lawrence E. Hurkett;Retail Sporting Goods
629;Ryan  Ihrig;Efficient Cycling
630;Andrew R. Hill;Eastside Parts Shop
631;Robert P. Lyeba;Tandem Sales and Service
635;Roger  Van Houten;Sports Store
637;Robert  Lyon;Reliable Retail Center
641;Rose M. Vandenouer;Extended Tours
643;Denise R. Maccietto;Friendly Bike Shop
644;Gregory T. Vanderbout;Convenient Sales and Service
645;Ronald K. Heymsfield;Superior Hardware Distributors
646;Scott  MacDonald;Yellow Bicycle Company
647;Michael  Vanderhyde;Solid Bike Parts
648;Cheryl M. Herring;Small Bike Shop
649;Walter J. Mays;Sports Products Store
650;Margaret J. Vanderkamp;Permanent Finish Products
653;Kara N. Vanderlinden;Mercantile Outlet
654;Jésus  Hernandez;Online Bike Warehouse
655;Irene J. Hernandez;Operational Manufacturing
659;Ajay  Manchepalli;Shipping Specialists
660;Nieves J. Vargas;Exhilarating Cycles
661;Kari  Hensien;General Department Stores
665;Tomas M. Manzanares;Authentic Sales and Service
668;Kathy R. Marcovecchio;Official Parts Shop
669;Patricia  Doyle;Racing Bike Outlet
670;Valerie M. Hendricks;First Bike Store
671;Jill K. Markwood;Contoso, Ltd.
672;Gerald M. Drury;Utilitarian Sporting Goods
673;John  Hanson;Countryside Company
674;Melissa R. Marple;Discount Tours
677;Cecelia L. Marshall;Tire Exchange
678;Reuben  D'sa;Vigorous Exercise Company
679;Brenda F. Heaney;Superb Sales and Repair
683;Linda  Martin;Oils and Fluids Warehouse
685;James B. Haugh;Family Cycle Store
689;Sandra I. Martinez;Consumer Equipment
692;Bev L. Desalvo;Successful Sales Company
693;Bart  Duncan;Stock Parts and Supplies
694;Ann T. Hass;The Accessories Store
695;Rob  Caron;Responsible Bike Dealers
696;Maciej  Dusza;Roadway Supplies
697;Roger  Harui;Brakes and Gears
698;Andy  Carothers;Western Bike Supplies
701;Linda R. Ecoffey;Future Bikes
29485;Catherine R. Abel;Professional Sales and Service
29486;Kim  Abercrombie;Riders Company
29489;Frances B. Adams;Area Bike Accessories
29490;Margaret J. Smith;Bicycle Accessories and Kits
29492;Jay  Adams;Valley Bicycle Specialists
29494;Samuel N. Agcaoili;Vinyl and Plastic Goods Corporation
29496;Robert E. Ahlering;Fun Toys and Bikes
29497;François  Ferrier;Great Bikes 
29499;Amy E. Alberts;Valley Toy Store
29502;Paul L. Alcorn;Major Sport Suppliers
29503;Gregory F. Alderson;Family's Favorite Bike Shop
29505;Michelle  Alexander;Imported and Domestic Cycles
29506;Sean P. Jacobson;Systematic Sales
29508;Marvin N. Allen;Mountain Toy Store
29510;Cecil J. Allison;Designated Distributors
29511;Oscar L. Alpuerto;Bold Bike Accessories
29515;Maxwell J. Amland;Serious Cycles
29517;Ramona J. Antrim;Novelty Bikes
29521;Tom H Johnston;Brightwork Company
29522;Thomas B. Armstrong;Resale Services
29523;John  Arthur;The Gear Store
29524;Chris  Ashton;Immense Manufacturing Company
29525;Teresa  Atkinson;Extended Bike Sales
29527;Robert A. Avalos;Workout Emporium
29528;Stephen M. Ayers;Work and Play Association
29530;Daniel  Blanco;Nice Bikes
29531;Cory K. Booth;Remarkable Bike Store
29532;James B. Bailey;Road-Way Mart
29533;Douglas A. Baldwin;Small Cycle Store
29535;Wayne N. Banack;Grand Bicycle Stores
29536;Robert L. Barker;Kickstand Sellers
29539;Josh  Barnhill;Gasless Cycle Shop
29541;Gytis M Barzdukas;Transportation Options
29544;Shaun  Beasley;Finer Cycle Shop
29545;John A. Beaver;Center Cycle Shop
29546;Christopher R. Beck;Bulk Discount Store
29548;Ann  Beebe;First-Rate Outlet
29550;Stanley A. Alan;Another Bicycle Company
29553;Edna J. Benson;Unsurpassed Bikes
29554;Payton P. Benson;Field Trip Inc
29557;Alexander J. Berger;Odometers and Accessories Company
29558;John M. Berger;Scratch-Resistant Finishes Company
29559;Robert M. Bernacchi;Safe Cycles Shop
29560;Matthias  Berndt;Number 1 Supply
29562;Steven B. Brown;Golf and Cycle Store
29565;Jimmy  Bischoff;World Bike Discount Store
29566;Mae M. Black;Historic Bicycle Sales
29567;Jackie E. Blackwell;Commuter Bicycle Store
29568;Donald L. Blanton;Coalition Bike Company
29569;Linda E. Burnett;Travel Systems
29570;Michael Greg Blythe;Grease and Oil Products Company
29571;Gabriel L. Bockenkamp;Moderately-Priced Bikes Store
29573;Luis  Bonifaz;Economy Bikes Company
29574;Randall  Boseman;Third Bike Store
29576;Eli  Bowen;Bikes for Two
29577;Lester J. Bowman;Metal Processing Company
29579;Cornelius L. Brandon;Initial Bike Company
29580;Richard  Bready;Latest Sports Equipment
29582;Ted  Bremer;Raw Materials Inc
29583;Alan  Brewer;Lots of Bikes Storehouse
29584;Walter J. Brian;Futuristic Bikes
29585;Christopher M. Bright;Parcel Express Delivery Service
29587;John R. Brooks;Prosperous Tours
29588;Willie P. Brooks;Nonskid Tire Company
29590;Jo  Brown;Metro Bike Works
29591;Robert  Brown;Best o' Bikes
29593;Mary K. Browning;Client Discount Store
29596;Eric J. Brumfield;Requisite Part Supply
29598;Michael  Brundage;Mechanical Products Ltd.
29599;Shirley R. Bruner;Commendable Bikes
29600;June B. Brunner;Online Bike Sellers
29601;Dirk J. Bruno;Custom Accessories Company
29603;Janaina Barreiro Gambaro  Bueno;Courteous Bicycle Specialists
29605;Megan E. Burke;Professional Cycle Store
29606;Karren K. Burkhardt;Fifth Bike Store
29608;Timothy B. Burnett;Farthest Bike Store
29611;Jared L. Bustamante;Alternative Vehicles
29612;Richard A. Byham;Channel Outlet
29614;Ryan  Calafato;Retail Mall
29615;Mari B. Caldwell;Metro Metals Co.
29616;Barbara J. Calone;Sheet Metal Manufacturing
29617;Lindsey R. Camacho;Thorough Parts and Repair Services
29618;Gustavo  Camargo;Uttermost Bike Shop
29620;Joan M. Campbell;Two-Wheeled Transit Company
29622;Henry L. Campen;Metro Cycle Shop
29623;Chris  Cannon;Outdoor Sporting Goods
29625;Suzana De Abreu A. Canuto;Petroleum Products Distributors
29627;Johnny A. Caprio;Bikes and Motorbikes
29629;Carlton M. Carlisle;Camping and Sports Store
29631;Jane N. Carmichael;Rural Department Store
29632;Jovita A. Carmody;Sports Commodities
29635;Rob  Caron;Responsible Bike Dealers
29636;Andy  Carothers;Western Bike Supplies
29637;Donna F. Carreras;Advanced Bike Components
29638;Rosmarie J. Carroll;Aerobic Exercise Company
29639;Joseph N. Castellucio;Corner Bicycle Supply
29641;Raul E. Casts;Westside Plaza
29643;Matthew J. Cavallari;Outstanding Cycles
29644;Brigid F. Cavendish;Vigorous Sports Store
29645;Andrew  Cencini;Sports Merchandise
29646;Stacey M. Cereghino;Fitness Toy Store
29649;Pat A. Chambers;General Cycle Storehouse
29650;Forrest J. Chandler;Fitness Cycling
29651;Lee J. Chapla;Good Bike Shop
29653;Pei  Chow;Thrilling Bike Tours
29654;Yao-Qiang  Cheng;This Area Sporting Goods
29655;Nicky E. Chesnut;Full-Service Bike Store
29659;Ruth A. Choin;Genuine Bike Shop
29660;Anthony  Chor;Extreme Riding Supplies
29662;Jill J. Christie;Fleet Bikes
29663;Alice  Clark;Local Hardware Factory
29666;Jane  Clayton;South Bike Company
29668;Connie L. Coffman;Discount Bicycle Specialists
29671;Pat  Coleman;Machines & Cycles Store
29673;John L. Colon;Two Wheels Cycle Store
29674;Scott A. Colvin;Westside Cycle Store
29677;William J. Conner;Urban Sports Emporium
29680;Dorothy J. Contreras;Sixth Bike Store
29682;Scott  Cooper;Vehicle Shop
29683;Eva  Corets;First Department Stores
29684;Marlin M. Coriell;Grand Sport Boutique
29686;Jack  Creasey;Distinctive Store
29688;Grant  Culbertson;Handy Bike Services
29689;Scott  Culp;Friendly Bike Shop
29690;Conor  Cunningham;Fashionable Bikes and Accessories
29692;Thierry  D'Hers;Citywide Service and Repair
29695;Megan N. Davis;Rugged Bikes
29696;Alvaro  De Matos Miranda Filho;Principal Bike Company
29698;Jacob N. Dean;Finer Riding Supplies
29699;Alexander J. Deborde;Neighborhood Store
29702;Aidan  Delaney;Paint Supply
29703;Stefan  Delmarco;Preferred Bikes
29705;Della F. Demott Jr;Rewarding Activities Company
29708;Prashanth  Desai;Stationary Bikes and Stands
29709;Bev L. Desalvo;Successful Sales Company
29710;Brenda  Diaz;Downtown Hotel
29711;Gabriele  Dickmann;Certified Sports Supply
29713;Dick  Dievendorff;Rampart Amusement Company
29714;Rudolph J. Dillon;Sundry Sporting Goods
29716;Blaine  Dockter;Farthermost Bike Shop
29717;Cindy M. Dodd;Suburban Cycle Shop
29719;Patricia  Doyle;Racing Bike Outlet
29720;Gerald M. Drury;Utilitarian Sporting Goods
29722;Reuben  D'sa;Vigorous Exercise Company
29727;Bart  Duncan;Stock Parts and Supplies
29728;Maciej  Dusza;Roadway Supplies
29730;Linda R. Ecoffey;Future Bikes
29732;Carol B. Elliott;Satin Finish Company
29733;Shannon P. Elliott;Regional Manufacturing
29734;Jauna E. Elson;Original Bicycle Supply Company
29736;Terry  Eminhizer;Action Bicycle Specialists
29737;John  Emory;Roadway Bike Emporium
29738;Gail  Erickson;Sleek Bikes 
29739;Mark B Erickson;Retail Sporting Equipment
29740;Martha R. Espinoza;Price-Cutter Discount Bikes
29741;Janeth  Esteves;Central Bicycle Specialists
29742;Twanna R. Evans;Vast Bike Sales and Rental
29743;Ann R. Evans;Summer Sports Place
29744;John  Evans;Real Sporting Goods
29747;Carolyn  Farino;The Bike Shop
29748;Geri P. Farrell;Safe Toys
29750;Rhoda J. Finley;Our Sporting Goods Store
29753;Kathie  Flood;Coho Sports
29755;Kelly  Focht;Quick Delivery Service
29757;Garth  Fort;Basic Sports Equipment
29758;Dorothy J. Fox;Cash & Carry Bikes
29761;Susan E. French;General Bike Corporation
29763;Mihail  Frintu;Retail Cycle Shop
29764;John  Ford;Social Activities Club
29765;Paul J. Fulton;Blue Bicycle Company
29766;Bob  Gage;General Riding Supplies
29768;Michael  Galos;Riding Excursions
29769;Jon  Ganio;Unique Bikes
29770;Kathleen M. Garza;Rural Cycle Emporium
29771;Dominic P. Gash;Associated Bikes
29772;Janet M. Gates;Modular Cycle Systems
29773;Orlando N. Gee;A Bike Store
29774;Darren  Gehring;Journey Sporting Goods
29775;Jim  Geist;Two Bike Shops
29776;Barbara J. German;Cycles Wholesaler & Mfg.
29778;Leo  Giakoumakis;Number One Bike Co.
29780;Frances J. Giglio;Standard Bikes
29781;Guy  Gilbert;The Bicycle Accessories Company
29782;Janet J. Gilliat;Active Systems
29783;Mary M. Gimmi;Futuristic Sport Distributors
29784;Jeanie R. Glenn;Big-Time Bike Store
29785;Diane R. Glimp;The Showroom
29787;Scott  Gode;Year-Round Sports
29788;Mete  Goktepe;The New Bike Store
29789;Brian R Goldstein;Primary Bike Distributors
29792;Abigail J. Gonzalez;Genial Bike Associates
29793;Michael  Graff;Commercial Sporting Goods
29794;Derek  Graham;Wholesale Parts
29796;Jon  Grande;Riding Cycles
29797;Jane P. Greer;Metro Manufacturing
29799;Douglas  Groncki;Locks Company
29800;Brian  Groth;Latest Accessories Sales
29803;Hattie J. Haemon;Greater Bike Store
29805;Erin M. Hagens;Distant Inn
29806;Betty M. Haines;Finer Mart
29807;Bryan  Hamilton;Cross-Country Riding Supplies
29809;Kerim  Hanif;Bike World
29810;Jean P. Handley;Central Discount Store
29813;Katherine  Harding;Sharp Bikes
29815;Lucy  Harrington;Metropolitan Sports Supply
29816;Keith  Harris;Progressive Sports
29818;Roger  Harui;Brakes and Gears
29819;Ann T. Hass;The Accessories Store
29822;James B. Haugh;Family Cycle Store
29824;Brenda F. Heaney;Superb Sales and Repair
29826;John  Hanson;Countryside Company
29827;Valerie M. Hendricks;First Bike Store
29830;Kari  Hensien;General Department Stores
29831;Irene J. Hernandez;Operational Manufacturing
29832;Jésus  Hernandez;Online Bike Warehouse
29834;Cheryl M. Herring;Small Bike Shop
29835;Ronald K. Heymsfield;Superior Hardware Distributors
29840;Andrew R. Hill;Eastside Parts Shop
29842;Mike  Hines;First Cycle Store
29843;Matthew  Hink;Running and Cycling Gear
29847;David  Hodgson;Good Toys
29848;Helge  Hoeing;Little Bicycle Supply Shop
29850;Bob  Hodges;All Seasons Sports Supply
29851;Jean J. Holloway;Leisure Clearing House
29852;Eddie M. Holmes;The Commissary
29853;Juanita J. Holman;Affordable Sports Equipment
29854;Peter  Houston;Local Sales and Rental
29855;Curtis P. Howard;Economy Center
29857;Janice K. Hows;Area Sheet Metal Supply
29858;George M. Huckaby;Synthetic Materials Manufacturing
29859;Joshua J. Huff;Rural Sales and Service
29860;Arlene  Huff;Tubeless Tire Company
29861;Phyllis R. Huntsman;Hardware Components
29862;Lawrence E. Hurkett;Retail Sporting Goods
29863;Ryan  Ihrig;Efficient Cycling
29864;Beth  Inghram;General Industries
29865;Lucio  Iallo;Highway Bike Shop
29866;Richard L. Irwin;Rental Bikes
29867;Erik  Ismert;Roving Sports
29868;Denean J. Ison;Express Bike Services
29870;Bronson R. Jacobs;Retail Discount Store
29871;Eric A. Jacobsen;Vale Riding Supplies
29872;Jodan M. Jacobson;A Great Bicycle Company
29873;Mary  Alexander;Certified Bicycle Supply
29874;David  Jaffe;Exceptional Cycle Services
29876;Vance P. Johns;Leisure Activities
29877;Joyce  Jarvis;Paints and Solvents Company
29879;Stephen Yuan Jiang;Bikes for Kids and Adults
29881;Danielle B. Johnson;Home Town Bike Store
29883;Barry  Johnson;Sample Bike Store
29884;Brian  Johnson;Extras Sporting Goods
29885;David  Johnson;Sure & Reliable Sporting Goods
29889;Jean  Jordan;Separate Parts Corporation
29890;Peggy J. Justice;Basic Bike Company
29891;Diane F. Krane;Fabrikam Inc., West
29892;Sandra T. Kitt;Non-Slip Pedal Company
29893;Sandeep  Kaliyath;Weekend Bike Tours
29895;Lori  Kane;General Supplies
29897;Kay E. Krane;Racing Toys
29898;Sandeep  Katyal;Capable Sales and Service
29900;Victor A. Kelley;Road Way Sales and Rental
29901;John  Kelly;Sturdy Toys
29902;Robert  Kelly;Beneficial Exercises and Activities
29903;Kevin  Kennedy;Fad Outlet
29904;Mary R. Kesslep;Commerce Bicycle Specialists
29905;Elizabeth  Keyser;Acceptable Sales & Service
29906;Imtiaz  Khan;District Mall
29907;Karan  Khanna;Fitness Supplies
29908;Joe  Kim;Mail Market
29910;Shane S. Kim;Twelfth Bike Store
29911;Tim  Kim;Consolidated Messenger
29913;Anton  Kirilov;Field Trip Store
29914;Christian  Kleinerman;Finish and Sealant Products
29915;Andrew P. Kobylinski;Finer Parts Shop
29918;Kirk T King;Up-To-Date Sports
29919;Eugene  Kogan;Mountain Bike Center
29920;Scott  Konersmann;Specialty Sports Store
29921;Joy R. Koski;Scooters and Bikes Store
29922;Pamala M. Kotc;Closest Bicycle Store
29924;Mitch  Kennedy;Reasonable Bicycle Sales
29925;Margaret T. Krupka;Outdoor Sports Supply
29926;Deepak  Kumar;Outdoor Aerobic Systems Company
29928;Vamsi  Kuppa;Metal Clearing House
29929;Jeffrey  Kurtz;Many Bikes Store
29930;Peter  Kurniawan;Largest Bike Store
29931;Eric  Lang;Kickstands and Accessories Company
29932;Rebecca  Laszlo;Instruments and Parts Company
29934;David O Lawrence;Gear-Shift Bikes Limited
29935;Elsa  Leavitt;Frugal Bike Shop
29936;Michael J. Lee;Family Entertainment Center
29937;Marjorie M. Lee;Go-cart and Bike Specialists
29938;Frank  Campbell;Trailblazing Sports
29939;Mark  Lee;Racing Partners
29941;Jolie  Lenehan;Exhibition Showroom
29942;Roger  Lengel;Authorized Bike Sales and Rental
29943;A. Francesca Leonetti;Two-Seater Bikes
29944;Bonnie B. Lepro;More Bikes!
29946;Linda  Leste;National Manufacturing
29948;Elsie L. Lewin;Town Industries
29949;George Z. Li;Security Racks and Locks Wholesalers
29950;Yale  Li;Rapid Bikes
29952;Yuhong  Li;Nearby Sporting Goods
29953;Joseph M. Lique;Front Sporting Goods
29954;Paulo H. Lisboa;Elite Bikes
29955;David J. Liu;Catalog Store
29956;Jinghao  Liu;Chic Department Stores
29957;Kevin  Liu;Eastside Department Store
29959;Todd R. Logan;Cycle Merchants
29962;Sharon J. Looney;Fitness Hotel
29964;Anita R. Lucerne;Grand Industries
29967;Judy R. Lundahl;Leading Sales & Repair
29969;Robert P. Lyeba;Tandem Sales and Service
29971;Robert  Lyon;Reliable Retail Center
29973;Denise R. Maccietto;Friendly Bike Shop
29974;Scott  MacDonald;Yellow Bicycle Company
29975;Walter J. Mays;Sports Products Store
29978;Ajay  Manchepalli;Shipping Specialists
29980;Tomas M. Manzanares;Authentic Sales and Service
29981;Kathy R. Marcovecchio;Official Parts Shop
29982;Melissa R. Marple;Discount Tours
29983;Cecelia L. Marshall;Tire Exchange
29985;Linda  Martin;Oils and Fluids Warehouse
29987;Frank  Mart¡nez;Rally Master Company Inc
29988;Steve  Masters;Professional Cyclists
29990;Jennifer J. Maxham;Exclusive Bicycle Mart
29991;Chris  Maxwell;City Manufacturing
29992;Sandra B. Maynard;Bike Dealers Association
29994;Robin M. McGuigan;Health Spa, Limited
29997;Lola M. McCarthy;Closeout Boutique
29998;Jane A. McCarty;Bicycle Merchandise Warehouse
30000;James L. McCoy;Leather Seat Factory
30003;Yvonne  McKay;Practical Bike Supply Company
30004;Nkenge  McLin;Some Discount Store
30005;Nancy A. McPhearson;Variety Cycling
30007;Raquel  Mello;Remote Bicycle Specialists
30008;R. Morgan L. Mendoza;Friendly Neighborhood Bikes
30010;Stephen A. Mew;Recommended Bicycles
30012;Helen M. Meyer;Alpine Ski House
30016;Thomas R. Michaels;Seats and Saddles Company
30018;Virginia L. Miller;All Cycle Shop
30019;Matthew J. Miller;Tachometers and Accessories
30021;Ben  Miller;Low Price Cycles
30022;Dylan  Miller;Metropolitan Manufacturing
30023;Frank  Miller;Orange Bicycle Company
30024;Neva M. Mitchell;Riding Associates
30025;Linda  Mitchell;Essential Bike Works
30027;Joseph P. Mitzner;Engineered Bike Systems
30028;Laura C. Steele;Professional Containers and Packaging Co.
30029;Shanay B. Steelman;One Bike Company
30030;Stefano  Stefani;Cycling Goods
30031;Alan  Steiner;Cycle Clearance
30032;Derik  Stenerson;Black Bicycle Company
30033;Vassar J. Stern;Transport Bikes
30034;Wathalee R. Steuber;Sellers of Cycles
30035;Alice M. Steiner;Maintenance and Repair for Bicycles
30036;Liza Marie N. Stevens;Fitness Department Stores
30037;Jim  Stewart;Famous Bike Shop
30039;Robert B. Stotka;Gift and Toy Store
30040;Kayla M. Stotler;Major Sporting Goods
30042;Ruby Sue R. Styles;Major Cycling
30044;Gary J. Suess;Downhill Bicycle Specialists
30045;Ruth J. Suffin;Bike Experts
30046;Elizabeth J. Sullivan;Extraordinary Bike Works
30047;Michael  Sullivan;Valley Bicycle Distributors
30048;Marcia J. Sultan;Top Sports Supply
30050;Krishna  Sunkammurali;Metropolitan Bicycle Supply
30051;Brad  Sutton;Honest Repair Service
30052;Abraham L. Swearengin;Wheel Gallery
30053;Katherine K. Swan;Top Bike Market
30055;Julie  Taft-Rider;Bicycle Lines Distributors
30056;Clarence R. Tatman;Sparkling Paint and Finishes
30058;Mike M. Taylor;Plastic Parts Company
30061;Chad J. Tedford;Big Cycle Mall
30063;Vanessa J. Tench;Eighth Bike Store
30064;Judy J. Thames;Demand Distributors
30067;Phyllis A. Thomas;Red Bicycle Company
30069;Donald M. Thompson;Trendy Department Stores
30070;Kendra N. Thompson;Vintage Sport Boutique
30071;Daniel P. Thompson;Travel Sports
30072;Andrea A. Thomsen;West Side Mart
30074;Yuping  Tian;Tenth Bike Store
30076;Diane  Tibbott;Fun Times Club
30080;Delia B. Toone;Wingtip Toys
30083;Glenn J. Track;Active Life Toys
30087;Billy J. Trent;Quick Parts and Service
30089;Michael John R. Troyer;Thrifty Parts and Sales
30090;Christie J. Trujillo;A Typical Bike Shop
30093;Phyllis B. Tuffield;Fasteners & Bolts Outlet
30094;Sairaj  Uddin;Quantity Discounts
30095;Sunil  Uppal;Swift Cycles
30098;Esther K. Valle;Large Bike Shop
30100;Jessie E. Valerio;Wire Baskets and Parts
30102;Roger  Van Houten;Sports Store
30104;Rose M. Vandenouer;Extended Tours
30105;Gregory T. Vanderbout;Convenient Sales and Service
30106;Michael  Vanderhyde;Solid Bike Parts
30107;Margaret J. Vanderkamp;Permanent Finish Products
30108;Kara N. Vanderlinden;Mercantile Outlet
30109;Nieves J. Vargas;Exhilarating Cycles
30110;Gary T Vargas;Exercise Center
30111;Ranjit Rudra Varkey Chudukatil;Great Bicycle Supply
30112;Patricia M. Vasquez;Mail-Order Outlet
30113;Raja D. Venugopal;Nearby Cycle Shop
30115;Dora P. Verdad;Retreat Inn
30116;Wanda F. Vernon;Technical Parts Manufacturing
30117;Robert R. Vessa;Totes & Baskets Company
30118;Caroline A. Vicknair;World of Bikes
