ProductID;Name;Color
680;HL Road Frame - Black, 58;Black
706;HL Road Frame - Red, 58;Red
707;Sport-100 Helmet, Red;Red
708;Sport-100 Helmet, Black;Black
709;Mountain Bike Socks, M;White
710;Mountain Bike Socks, L;White
711;Sport-100 Helmet, Blue;Blue
712;AWC Logo Cap;Multi
713;Long-Sleeve Logo Jersey, S;Multi
714;Long-Sleeve Logo Jersey, M;Multi
715;Long-Sleeve Logo Jersey, L;Multi
716;Long-Sleeve Logo Jersey, XL;Multi
717;HL Road Frame - Red, 62;Red
718;HL Road Frame - Red, 44;Red
719;HL Road Frame - Red, 48;Red
720;HL Road Frame - Red, 52;Red
721;HL Road Frame - Red, 56;Red
722;LL Road Frame - Black, 58;Black
723;LL Road Frame - Black, 60;Black
724;LL Road Frame - Black, 62;Black
725;LL Road Frame - Red, 44;Red
726;LL Road Frame - Red, 48;Red
727;LL Road Frame - Red, 52;Red
728;LL Road Frame - Red, 58;Red
729;LL Road Frame - Red, 60;Red
730;LL Road Frame - Red, 62;Red
731;ML Road Frame - Red, 44;Red
732;ML Road Frame - Red, 48;Red
733;ML Road Frame - Red, 52;Red
734;ML Road Frame - Red, 58;Red
735;ML Road Frame - Red, 60;Red
736;LL Road Frame - Black, 44;Black
737;LL Road Frame - Black, 48;Black
738;LL Road Frame - Black, 52;Black
739;HL Mountain Frame - Silver, 42;Silver
740;HL Mountain Frame - Silver, 44;Silver
741;HL Mountain Frame - Silver, 48;Silver
742;HL Mountain Frame - Silver, 46;Silver
743;HL Mountain Frame - Black, 42;Black
744;HL Mountain Frame - Black, 44;Black
745;HL Mountain Frame - Black, 48;Black
746;HL Mountain Frame - Black, 46;Black
747;HL Mountain Frame - Black, 38;Black
748;HL Mountain Frame - Silver, 38;Silver
749;Road-150 Red, 62;Red
750;Road-150 Red, 44;Red
751;Road-150 Red, 48;Red
752;Road-150 Red, 52;Red
753;Road-150 Red, 56;Red
754;Road-450 Red, 58;Red
755;Road-450 Red, 60;Red
756;Road-450 Red, 44;Red
757;Road-450 Red, 48;Red
758;Road-450 Red, 52;Red
759;Road-650 Red, 58;Red
760;Road-650 Red, 60;Red
761;Road-650 Red, 62;Red
762;Road-650 Red, 44;Red
763;Road-650 Red, 48;Red
764;Road-650 Red, 52;Red
765;Road-650 Black, 58;Black
766;Road-650 Black, 60;Black
767;Road-650 Black, 62;Black
768;Road-650 Black, 44;Black
769;Road-650 Black, 48;Black
770;Road-650 Black, 52;Black
771;Mountain-100 Silver, 38;Silver
772;Mountain-100 Silver, 42;Silver
773;Mountain-100 Silver, 44;Silver
774;Mountain-100 Silver, 48;Silver
775;Mountain-100 Black, 38;Black
776;Mountain-100 Black, 42;Black
777;Mountain-100 Black, 44;Black
778;Mountain-100 Black, 48;Black
779;Mountain-200 Silver, 38;Silver
780;Mountain-200 Silver, 42;Silver
781;Mountain-200 Silver, 46;Silver
782;Mountain-200 Black, 38;Black
783;Mountain-200 Black, 42;Black
784;Mountain-200 Black, 46;Black
785;Mountain-300 Black, 38;Black
786;Mountain-300 Black, 40;Black
787;Mountain-300 Black, 44;Black
788;Mountain-300 Black, 48;Black
789;Road-250 Red, 44;Red
790;Road-250 Red, 48;Red
791;Road-250 Red, 52;Red
792;Road-250 Red, 58;Red
793;Road-250 Black, 44;Black
794;Road-250 Black, 48;Black
795;Road-250 Black, 52;Black
796;Road-250 Black, 58;Black
797;Road-550-W Yellow, 38;Yellow
798;Road-550-W Yellow, 40;Yellow
799;Road-550-W Yellow, 42;Yellow
800;Road-550-W Yellow, 44;Yellow
801;Road-550-W Yellow, 48;Yellow
802;LL Fork;
803;ML Fork;
804;HL Fork;
805;LL Headset;
806;ML Headset;
807;HL Headset;
808;LL Mountain Handlebars;
809;ML Mountain Handlebars;
810;HL Mountain Handlebars;
811;LL Road Handlebars;
812;ML Road Handlebars;
813;HL Road Handlebars;
814;ML Mountain Frame - Black, 38;Black
815;LL Mountain Front Wheel;Black
816;ML Mountain Front Wheel;Black
817;HL Mountain Front Wheel;Black
818;LL Road Front Wheel;Black
819;ML Road Front Wheel;Black
820;HL Road Front Wheel;Black
821;Touring Front Wheel;Black
822;ML Road Frame-W - Yellow, 38;Yellow
823;LL Mountain Rear Wheel;Black
824;ML Mountain Rear Wheel;Black
825;HL Mountain Rear Wheel;Black
826;LL Road Rear Wheel;Black
827;ML Road Rear Wheel;Black
828;HL Road Rear Wheel;Black
829;Touring Rear Wheel;Black
830;ML Mountain Frame - Black, 40;Black
831;ML Mountain Frame - Black, 44;Black
832;ML Mountain Frame - Black, 48;Black
833;ML Road Frame-W - Yellow, 40;Yellow
834;ML Road Frame-W - Yellow, 42;Yellow
835;ML Road Frame-W - Yellow, 44;Yellow
836;ML Road Frame-W - Yellow, 48;Yellow
837;HL Road Frame - Black, 62;Black
838;HL Road Frame - Black, 44;Black
839;HL Road Frame - Black, 48;Black
840;HL Road Frame - Black, 52;Black
841;Men's Sports Shorts, S;Black
842;Touring-Panniers, Large;Grey
843;Cable Lock;
844;Minipump;
845;Mountain Pump;
846;Taillights - Battery-Powered;
847;Headlights - Dual-Beam;
848;Headlights - Weatherproof;
849;Men's Sports Shorts, M;Black
850;Men's Sports Shorts, L;Black
851;Men's Sports Shorts, XL;Black
852;Women's Tights, S;Black
853;Women's Tights, M;Black
854;Women's Tights, L;Black
855;Men's Bib-Shorts, S;Multi
856;Men's Bib-Shorts, M;Multi
857;Men's Bib-Shorts, L;Multi
858;Half-Finger Gloves, S;Black
859;Half-Finger Gloves, M;Black
860;Half-Finger Gloves, L;Black
861;Full-Finger Gloves, S;Black
862;Full-Finger Gloves, M;Black
863;Full-Finger Gloves, L;Black
864;Classic Vest, S;Blue
865;Classic Vest, M;Blue
866;Classic Vest, L;Blue
867;Women's Mountain Shorts, S;Black
868;Women's Mountain Shorts, M;Black
869;Women's Mountain Shorts, L;Black
870;Water Bottle - 30 oz.;
871;Mountain Bottle Cage;
872;Road Bottle Cage;
873;Patch Kit/8 Patches;
874;Racing Socks, M;White
875;Racing Socks, L;White
876;Hitch Rack - 4-Bike;
877;Bike Wash - Dissolver;
878;Fender Set - Mountain;
879;All-Purpose Bike Stand;
880;Hydration Pack - 70 oz.;Silver
881;Short-Sleeve Classic Jersey, S;Yellow
882;Short-Sleeve Classic Jersey, M;Yellow
883;Short-Sleeve Classic Jersey, L;Yellow
884;Short-Sleeve Classic Jersey, XL;Yellow
885;HL Touring Frame - Yellow, 60;Yellow
886;LL Touring Frame - Yellow, 62;Yellow
887;HL Touring Frame - Yellow, 46;Yellow
888;HL Touring Frame - Yellow, 50;Yellow
889;HL Touring Frame - Yellow, 54;Yellow
890;HL Touring Frame - Blue, 46;Blue
891;HL Touring Frame - Blue, 50;Blue
892;HL Touring Frame - Blue, 54;Blue
893;HL Touring Frame - Blue, 60;Blue
894;Rear Derailleur;Silver
895;LL Touring Frame - Blue, 50;Blue
896;LL Touring Frame - Blue, 54;Blue
897;LL Touring Frame - Blue, 58;Blue
898;LL Touring Frame - Blue, 62;Blue
899;LL Touring Frame - Yellow, 44;Yellow
900;LL Touring Frame - Yellow, 50;Yellow
901;LL Touring Frame - Yellow, 54;Yellow
902;LL Touring Frame - Yellow, 58;Yellow
903;LL Touring Frame - Blue, 44;Blue
904;ML Mountain Frame-W - Silver, 40;Silver
905;ML Mountain Frame-W - Silver, 42;Silver
906;ML Mountain Frame-W - Silver, 46;Silver
907;Rear Brakes;Silver
908;LL Mountain Seat/Saddle;
909;ML Mountain Seat/Saddle;
910;HL Mountain Seat/Saddle;
911;LL Road Seat/Saddle;
912;ML Road Seat/Saddle;
913;HL Road Seat/Saddle;
914;LL Touring Seat/Saddle;
915;ML Touring Seat/Saddle;
916;HL Touring Seat/Saddle;
917;LL Mountain Frame - Silver, 42;Silver
918;LL Mountain Frame - Silver, 44;Silver
919;LL Mountain Frame - Silver, 48;Silver
920;LL Mountain Frame - Silver, 52;Silver
921;Mountain Tire Tube;
922;Road Tire Tube;
923;Touring Tire Tube;
924;LL Mountain Frame - Black, 42;Black
925;LL Mountain Frame - Black, 44;Black
926;LL Mountain Frame - Black, 48;Black
927;LL Mountain Frame - Black, 52;Black
928;LL Mountain Tire;
929;ML Mountain Tire;
930;HL Mountain Tire;
931;LL Road Tire;
932;ML Road Tire;
933;HL Road Tire;
934;Touring Tire;
935;LL Mountain Pedal;Silver/Black
936;ML Mountain Pedal;Silver/Black
937;HL Mountain Pedal;Silver/Black
938;LL Road Pedal;Silver/Black
939;ML Road Pedal;Silver/Black
940;HL Road Pedal;Silver/Black
941;Touring Pedal;Silver/Black
942;ML Mountain Frame-W - Silver, 38;Silver
943;LL Mountain Frame - Black, 40;Black
944;LL Mountain Frame - Silver, 40;Silver
945;Front Derailleur;Silver
946;LL Touring Handlebars;
947;HL Touring Handlebars;
948;Front Brakes;Silver
949;LL Crankset;Black
950;ML Crankset;Black
951;HL Crankset;Black
952;Chain;Silver
953;Touring-2000 Blue, 60;Blue
954;Touring-1000 Yellow, 46;Yellow
955;Touring-1000 Yellow, 50;Yellow
956;Touring-1000 Yellow, 54;Yellow
957;Touring-1000 Yellow, 60;Yellow
958;Touring-3000 Blue, 54;Blue
959;Touring-3000 Blue, 58;Blue
960;Touring-3000 Blue, 62;Blue
961;Touring-3000 Yellow, 44;Yellow
962;Touring-3000 Yellow, 50;Yellow
963;Touring-3000 Yellow, 54;Yellow
964;Touring-3000 Yellow, 58;Yellow
965;Touring-3000 Yellow, 62;Yellow
966;Touring-1000 Blue, 46;Blue
967;Touring-1000 Blue, 50;Blue
968;Touring-1000 Blue, 54;Blue
969;Touring-1000 Blue, 60;Blue
970;Touring-2000 Blue, 46;Blue
971;Touring-2000 Blue, 50;Blue
972;Touring-2000 Blue, 54;Blue
973;Road-350-W Yellow, 40;Yellow
974;Road-350-W Yellow, 42;Yellow
975;Road-350-W Yellow, 44;Yellow
976;Road-350-W Yellow, 48;Yellow
977;Road-750 Black, 58;Black
978;Touring-3000 Blue, 44;Blue
979;Touring-3000 Blue, 50;Blue
980;Mountain-400-W Silver, 38;Silver
981;Mountain-400-W Silver, 40;Silver
982;Mountain-400-W Silver, 42;Silver
983;Mountain-400-W Silver, 46;Silver
984;Mountain-500 Silver, 40;Silver
985;Mountain-500 Silver, 42;Silver
986;Mountain-500 Silver, 44;Silver
987;Mountain-500 Silver, 48;Silver
988;Mountain-500 Silver, 52;Silver
989;Mountain-500 Black, 40;Black
990;Mountain-500 Black, 42;Black
991;Mountain-500 Black, 44;Black
992;Mountain-500 Black, 48;Black
993;Mountain-500 Black, 52;Black
994;LL Bottom Bracket;
995;ML Bottom Bracket;
996;HL Bottom Bracket;
997;Road-750 Black, 44;Black
998;Road-750 Black, 48;Black
999;Road-750 Black, 52;Black
